player_id,age_squared,position,position_encoded,nationality
5,900.0,Defender,1,Switzerland
14,841.0,Midfielder,2,Germany
17,729.0,Midfielder,2,USA
18,625.0,Attacker,3,England
22,729.0,Attacker,3,Denmark
23,625.0,Attacker,3,Spain
44,841.0,Midfielder,2,Spain
49,1024.0,Midfielder,2,Ghana
54,1369.0,Attacker,3,Spain
62,900.0,Goalkeeper,0,USA
74,841.0,Midfielder,2,Morocco
76,961.0,Midfielder,2,Zimbabwe
80,784.0,Forward,3,Nigeria
83,784.0,Attacker,3,Netherlands
84,841.0,Attacker,3,Brazil
95,576.0,Defender,1,France
104,900.0,Forward,3,Brazil
105,784.0,Defender,1,Senegal
110,576.0,Midfielder,2,France
130,1024.0,Defender,1,Portugal
131,676.0,Defender,1,Spain
133,900.0,Defender,1,France
138,676.0,Defender,1,France
147,1089.0,Midfielder,2,Brazil
150,841.0,Midfielder,2,Brazil
158,1089.0,Goalkeeper,0,Argentina
159,1521.0,Goalkeeper,0,France
161,729.0,Goalkeeper,0,England
163,1089.0,Defender,1,Côte d'Ivoire
164,1024.0,Defender,1,Wales
168,841.0,Defender,1,Colombia
169,1225.0,Defender,1,England
171,784.0,Defender,1,England
172,841.0,Midfielder,2,England
174,1089.0,Midfielder,2,Denmark
175,961.0,Defender,1,England
178,1089.0,Attacker,3,Brazil
180,625.0,Midfielder,2,England
182,841.0,Midfielder,2,England
184,1024.0,Attacker,3,England
186,1089.0,Attacker,3,Korea Republic
190,1156.0,Defender,1,Portugal
207,1296.0,Attacker,3,Croatia
247,676.0,Midfielder,2,Netherlands
249,676.0,Attacker,3,Netherlands
250,676.0,Attacker,3,Netherlands
253,1024.0,Goalkeeper,0,France
259,1681.0,Defender,1,Brazil
261,841.0,Defender,1,Germany
263,1089.0,Defender,1,France
269,784.0,Attacker,3,France
277,676.0,Attacker,3,France
279,576.0,Defender,1,France
280,1089.0,Goalkeeper,0,Brazil
281,729.0,Goalkeeper,0,Republic of Ireland
283,729.0,Defender,1,England
284,784.0,Defender,1,England
285,529.0,Midfielder,2,Netherlands
286,1089.0,Defender,1,Cameroon
289,961.0,Defender,1,Scotland
290,1156.0,Defender,1,Netherlands
292,1225.0,Midfielder,2,England
293,576.0,Midfielder,2,England
294,900.0,Midfielder,2,Guinea
295,1369.0,Midfielder,2,England
296,1521.0,Midfielder,2,England
297,1024.0,Midfielder,2,England
299,1024.0,Midfielder,2,Brazil
302,1156.0,Attacker,3,Brazil
303,625.0,Attacker,3,England
305,900.0,Attacker,3,Belgium
306,1089.0,Midfielder,2,Egypt
318,1156.0,Defender,1,Senegal
326,1156.0,Midfielder,2,Brazil
371,1225.0,Defender,1,Brazil
378,1089.0,Defender,1,Brazil
415,729.0,Midfielder,2,USA
454,625.0,Forward,3,Türkiye
507,1089.0,Midfielder,2,Spain
526,841.0,Goalkeeper,0,Cameroon
532,676.0,Defender,1,Netherlands
533,784.0,Defender,1,Denmark
537,1089.0,Defender,1,Netherlands
542,529.0,Midfielder,2,Netherlands
545,784.0,Defender,1,Morocco
547,784.0,Midfielder,2,Netherlands
548,1024.0,Midfielder,2,Morocco
557,961.0,Goalkeeper,0,Greece
566,784.0,Defender,1,Portugal
567,784.0,Defender,1,Portugal
575,676.0,Midfielder,2,Portugal
583,676.0,Attacker,3,Portugal
616,729.0,Goalkeeper,0,Kosovo
617,1024.0,Goalkeeper,0,Brazil
622,961.0,Defender,1,Spain
623,961.0,Defender,1,France
626,961.0,Defender,1,England
627,1225.0,Defender,1,England
629,1156.0,Midfielder,2,Belgium
630,1089.0,Midfielder,2,England
631,625.0,Midfielder,2,England
632,625.0,Midfielder,2,France
633,1225.0,Midfielder,2,Germany
635,1156.0,Attacker,3,Algeria
636,961.0,Midfielder,2,Portugal
638,625.0,Attacker,3,England
641,841.0,Defender,1,Ukraine
643,784.0,Attacker,3,Brazil
645,961.0,Attacker,3,England
657,900.0,Defender,1,Netherlands
662,841.0,Midfielder,2,France
665,841.0,Attacker,3,Côte d'Ivoire
671,900.0,Attacker,3,Burkina Faso
691,625.0,Forward,3,Brazil
697,676.0,Attacker,3,Israel
723,841.0,Midfielder,2,Brazil
727,676.0,Attacker,3,England
731,1521.0,Goalkeeper,0,Costa Rica
739,841.0,Defender,1,Spain
742,961.0,Defender,1,France
746,900.0,Forward,3,Spain
747,1089.0,Midfielder,2,Brazil
766,1225.0,Goalkeeper,0,Sweden
786,676.0,Midfielder,2,Italy
792,676.0,Attacker,3,Netherlands
833,676.0,Defender,1,Slovenia
842,784.0,Midfielder,2,Croatia
855,961.0,Defender,1,Portugal
863,784.0,Midfielder,2,Uruguay
874,1600.0,Attacker,3,Portugal
879,729.0,Attacker,3,England
882,1225.0,Goalkeeper,0,Spain
883,1521.0,Goalkeeper,0,England
885,961.0,Defender,1,Côte d'Ivoire
886,676.0,Midfielder,2,Portugal
888,961.0,Defender,1,England
889,961.0,Defender,1,Sweden
891,900.0,Defender,1,England
894,1600.0,Defender,1,England
895,576.0,Defender,1,England
896,625.0,Midfielder,2,England
897,576.0,Attacker,3,England
899,841.0,Midfielder,2,Brazil
900,1089.0,Midfielder,2,England
903,841.0,Midfielder,2,Scotland
905,1024.0,Midfielder,2,Brazil
906,676.0,Midfielder,2,Netherlands
907,1024.0,Attacker,3,Belgium
908,900.0,Attacker,3,France
909,784.0,Attacker,3,England
912,1296.0,Goalkeeper,0,Brazil
925,841.0,Attacker,3,Portugal
930,784.0,Midfielder,2,Spain
935,1156.0,Attacker,3,Spain
946,900.0,Defender,1,Switzerland
978,676.0,Attacker,3,Germany
983,784.0,Midfielder,2,Jamaica
1003,729.0,Midfielder,2,Kosovo
1093,576.0,Midfielder,2,Zambia
1096,625.0,Midfielder,2,Hungary
1098,729.0,Attacker,3,Zambia
1100,625.0,Attacker,3,Norway
1117,784.0,Defender,1,Scotland
1119,729.0,Defender,1,Norway
1125,900.0,Midfielder,2,Scotland
1131,529.0,Attacker,3,Republic of Ireland
1135,729.0,Attacker,3,France
1145,676.0,Defender,1,France
1146,784.0,Defender,1,France
1150,676.0,Midfielder,2,USA
1159,961.0,Midfielder,2,Austria
1161,625.0,Midfielder,2,England
1165,676.0,Attacker,3,Brazil
1166,841.0,Attacker,3,Germany
1231,1089.0,Defender,1,Czechia
1243,900.0,Midfielder,2,Czechia
1330,1089.0,Forward,3,Croatia
1361,676.0,Defender,1,Türkiye
1370,1296.0,Forward,3,Ghana
1408,676.0,Defender,1,Belgium
1411,676.0,Defender,1,Belgium
1422,529.0,Attacker,3,Belgium
1427,676.0,Midfielder,2,Belgium
1438,1089.0,Goalkeeper,0,Germany
1439,900.0,Defender,1,Spain
1440,900.0,Defender,1,England
1445,784.0,Defender,1,Greece
1452,1089.0,Midfielder,2,Egypt
1455,841.0,Midfielder,2,Nigeria
1456,784.0,Midfielder,2,England
1460,576.0,Attacker,3,England
1463,676.0,Midfielder,2,England
1464,1089.0,Midfielder,2,Switzerland
1465,1296.0,Attacker,3,Gabon
1468,676.0,Attacker,3,England
1469,1225.0,Attacker,3,England
1485,961.0,Midfielder,2,Portugal
1558,1225.0,Goalkeeper,0,Spain
1564,841.0,Defender,1,Spain
1566,676.0,Defender,1,Brazil
1578,841.0,Midfielder,2,Argentina
1590,1024.0,Goalkeeper,0,Portugal
1600,841.0,Defender,1,Greece
1605,900.0,Attacker,3,Portugal
1622,676.0,Goalkeeper,0,Italy
1646,784.0,Attacker,3,Brazil
1649,729.0,Attacker,3,Italy
1696,676.0,Attacker,3,Nigeria
1697,841.0,Midfielder,2,Spain
1736,1156.0,Goalkeeper,0,England
1746,841.0,Defender,1,England
1835,900.0,Goalkeeper,0,Albania
1853,729.0,Midfielder,2,Portugal
1864,625.0,Midfielder,2,Portugal
1902,841.0,Defender,1,Croatia
1904,676.0,Midfielder,2,France
1914,961.0,Midfielder,2,France
1934,729.0,Midfielder,2,Norway
1946,961.0,Attacker,3,Belgium
1949,676.0,Defender,1,Bosnia and Herzegovina
1972,1024.0,Goalkeeper,0,Germany
2028,625.0,Midfielder,2,Mali
2032,625.0,Attacker,3,Norway
2048,729.0,Defender,1,Austria
2056,1089.0,Midfielder,2,Spain
2061,576.0,Attacker,3,Spain
2109,841.0,Midfielder,2,Congo DR
2114,729.0,Forward,3,Mali
2165,676.0,Defender,1,Ukraine
2218,729.0,Attacker,3,Senegal
2273,961.0,Goalkeeper,0,Spain
2275,1764.0,Goalkeeper,0,Argentina
2276,676.0,Goalkeeper,0,England
2278,1225.0,Defender,1,Spain
2279,625.0,Midfielder,2,Wales
2280,1296.0,Defender,1,Spain
2281,1369.0,Defender,1,England
2284,961.0,Defender,1,Italy
2287,1024.0,Midfielder,2,England
2288,1024.0,Midfielder,2,England
2289,1156.0,Midfielder,2,Italy
2290,1156.0,Midfielder,2,France
2291,961.0,Midfielder,2,Croatia
2292,841.0,Midfielder,2,England
2294,1369.0,Attacker,3,Brazil
2298,625.0,Midfielder,2,England
2413,784.0,Attacker,3,Brazil
2461,1296.0,Attacker,3,Venezuela
2467,729.0,Defender,1,Argentina
2468,784.0,Defender,1,Argentina
2473,1024.0,Midfielder,2,Argentina
2476,961.0,Midfielder,2,Argentina
2484,961.0,Defender,1,Colombia
2489,784.0,Attacker,3,Colombia
2490,961.0,Midfielder,2,Colombia
2507,961.0,Midfielder,2,Paraguay
2549,1024.0,Goalkeeper,0,Chile
2597,729.0,Defender,1,Japan
2601,841.0,Attacker,3,Japan
2676,784.0,Midfielder,2,Portugal
2677,1521.0,Midfielder,2,Portugal
2678,841.0,Attacker,3,Portugal
2699,1024.0,Attacker,3,Iran
2724,1024.0,Defender,1,France
2726,961.0,Defender,1,France
2729,841.0,Defender,1,Denmark
2731,1225.0,Defender,1,Denmark
2734,841.0,Midfielder,2,Denmark
2735,900.0,Midfielder,2,Denmark
2752,1089.0,Midfielder,2,Australia
2771,841.0,Defender,1,Nigeria
2778,841.0,Attacker,3,Nigeria
2784,900.0,Goalkeeper,0,Iceland
2790,1225.0,Attacker,3,Iceland
2806,1156.0,Defender,1,Switzerland
2807,1089.0,Midfielder,2,Switzerland
2810,841.0,Midfielder,2,Switzerland
2817,784.0,Defender,1,Serbia
2823,841.0,Midfielder,2,Serbia
2825,961.0,Attacker,3,Serbia
2852,961.0,Defender,1,Sweden
2855,961.0,Defender,1,Sweden
2864,676.0,Attacker,3,Sweden
2869,784.0,Midfielder,2,Mexico
2887,1156.0,Attacker,3,Mexico
2910,1089.0,Forward,3,Korea Republic
2919,1089.0,Goalkeeper,0,Belgium
2920,900.0,Defender,1,Belgium
2922,900.0,Midfielder,2,Belgium
2925,961.0,Midfielder,2,Belgium
2926,784.0,Midfielder,2,Belgium
2927,1024.0,Forward,3,Belgium
2928,1225.0,Attacker,3,Belgium
2930,1024.0,Goalkeeper,0,England
2931,1521.0,Goalkeeper,0,England
2932,961.0,Goalkeeper,0,England
2933,841.0,Defender,1,England
2934,1024.0,Defender,1,England
2935,1024.0,Defender,1,England
2936,1089.0,Defender,1,England
2937,676.0,Midfielder,2,England
2938,961.0,Midfielder,2,England
2939,1089.0,Attacker,3,England
2952,841.0,Defender,1,Tunisia
2986,1089.0,Goalkeeper,0,Senegal
2990,1296.0,Midfielder,2,Senegal
2991,1225.0,Midfielder,2,Senegal
2997,1600.0,Goalkeeper,0,Poland
2999,841.0,Defender,1,Poland
3008,1225.0,Midfielder,2,Poland
3080,841.0,Attacker,3,Zimbabwe
3240,900.0,Defender,1,Côte d'Ivoire
3246,900.0,Forward,3,Côte d'Ivoire
3247,1089.0,Forward,3,Côte d'Ivoire
3339,625.0,Midfielder,2,Mali
3421,961.0,Defender,1,Ghana
3428,1156.0,Attacker,3,Ghana
5996,576.0,Midfielder,2,Argentina
6009,625.0,Attacker,3,Argentina
6056,729.0,Midfielder,2,Argentina
6168,841.0,Defender,1,Paraguay
6610,784.0,Defender,1,Argentina
6716,729.0,Midfielder,2,Argentina
7029,625.0,Goalkeeper,0,Australia
7600,729.0,Defender,1,Brazil
7722,784.0,Attacker,3,Austria
8471,1089.0,Goalkeeper,0,Belgium
8500,1024.0,Midfielder,2,Japan
8589,784.0,Attacker,3,Belgium
8598,784.0,Attacker,3,Nigeria
8661,676.0,Defender,1,Brazil
8694,729.0,Defender,1,Belgium
8794,676.0,Attacker,3,England
9366,576.0,Attacker,3,Brazil
9926,961.0,Midfielder,2,Brazil
9971,625.0,Attacker,3,Brazil
10122,729.0,Defender,1,Brazil
10135,784.0,Midfielder,2,Brazil
10169,676.0,Midfielder,2,Brazil
10329,576.0,Attacker,3,Brazil
10373,729.0,Goalkeeper,0,Brazil
13109,1225.0,Attacker,3,Nigeria
13489,484.0,Forward,3,Colombia
13708,784.0,Midfielder,2,Colombia
13736,841.0,Midfielder,2,Colombia
14206,484.0,Midfielder,2,Costa Rica
14382,900.0,Goalkeeper,0,Croatia
15632,784.0,Defender,1,Denmark
15745,676.0,Defender,1,Denmark
15797,676.0,Midfielder,2,Sweden
15799,729.0,Midfielder,2,Nigeria
15812,961.0,Forward,3,Nigeria
15870,625.0,Goalkeeper,0,Denmark
15884,625.0,Midfielder,2,Denmark
15908,625.0,Midfielder,2,Denmark
15911,625.0,Attacker,3,Ghana
17365,900.0,Defender,1,England
17407,529.0,Defender,1,England
17448,961.0,Goalkeeper,0,England
17579,900.0,Attacker,3,Republic of Ireland
17597,676.0,Defender,1,Republic of Ireland
17641,729.0,Attacker,3,England
17661,529.0,Defender,1,England
17714,729.0,Defender,1,England
17715,729.0,Midfielder,2,Colombia
17736,784.0,Goalkeeper,0,Denmark
17739,784.0,Defender,1,England
17772,900.0,Defender,1,England
17879,729.0,Attacker,3,Spain
18146,1024.0,Goalkeeper,0,Wales
18331,676.0,Defender,1,Wales
18397,729.0,Midfielder,2,Republic of Ireland
18592,625.0,Midfielder,2,Senegal
18737,1521.0,Goalkeeper,0,England
18739,1156.0,Defender,1,Côte d'Ivoire
18740,961.0,Defender,1,Spain
18741,1024.0,Defender,1,England
18742,1089.0,Defender,1,Republic of Ireland
18744,784.0,Defender,1,England
18745,676.0,Defender,1,Portugal
18746,625.0,Midfielder,2,England
18747,625.0,Defender,1,England
18751,1024.0,Forward,3,Portugal
18752,961.0,Attacker,3,Angola
18753,841.0,Attacker,3,Spain
18755,676.0,Goalkeeper,0,Portugal
18758,1369.0,Defender,1,Republic of Ireland
18762,729.0,Midfielder,2,England
18765,1024.0,Midfielder,2,Portugal
18766,784.0,Attacker,3,England
18769,1156.0,Attacker,3,England
18770,1681.0,Goalkeeper,0,Switzerland
18771,1024.0,Defender,1,Portugal
18772,1369.0,Defender,1,Northern Ireland
18776,841.0,Defender,1,Türkiye
18777,1225.0,Midfielder,2,England
18778,784.0,Attacker,3,England
18779,784.0,Midfielder,2,England
18781,841.0,Attacker,3,Jamaica
18784,841.0,Midfielder,2,England
18785,1089.0,Midfielder,2,Senegal
18786,841.0,Midfielder,2,Nigeria
18788,1444.0,Attacker,3,England
18803,961.0,Midfielder,2,England
18805,1024.0,Midfielder,2,Mali
18806,900.0,Midfielder,2,England
18812,1444.0,Goalkeeper,0,Spain
18813,1296.0,Defender,1,England
18814,784.0,Defender,1,France
18815,1024.0,Defender,1,England
18816,1024.0,Defender,1,Congo DR
18817,1369.0,Defender,1,Italy
18819,1225.0,Attacker,3,Jamaica
18820,625.0,Midfielder,2,Republic of Ireland
18823,625.0,Defender,1,England
18826,1225.0,Midfielder,2,England
18835,1444.0,Goalkeeper,0,Spain
18836,1444.0,Goalkeeper,0,Wales
18843,1089.0,Midfielder,2,Ghana
18844,1225.0,Defender,1,England
18846,784.0,Midfielder,2,England
18847,1296.0,Defender,1,England
18849,1296.0,Midfielder,2,Scotland
18852,1156.0,Midfielder,2,Serbia
18853,841.0,Midfielder,2,Netherlands
18854,1156.0,Forward,3,England
18858,1444.0,Goalkeeper,0,Bosnia and Herzegovina
18860,676.0,Goalkeeper,0,Republic of Ireland
18861,900.0,Defender,1,Netherlands
18862,1156.0,Defender,1,England
18863,1156.0,Defender,1,England
18866,784.0,Defender,1,Wales
18869,1156.0,Defender,1,England
18870,784.0,Midfielder,2,Wales
18872,784.0,Midfielder,2,England
18873,961.0,Midfielder,2,Scotland
18878,1156.0,Midfielder,2,England
18883,784.0,Attacker,3,England
18884,729.0,Attacker,3,England
18885,1225.0,Goalkeeper,0,England
18886,1296.0,Goalkeeper,0,Slovakia
18889,784.0,Goalkeeper,0,England
18891,1225.0,Defender,1,Republic of Ireland
18892,1156.0,Defender,1,Wales
18893,1296.0,Defender,1,Argentina
18894,1024.0,Defender,1,England
18896,961.0,Defender,1,Spain
18899,900.0,Midfielder,2,England
18901,784.0,Midfielder,2,England
18902,841.0,Midfielder,2,Brazil
18903,1296.0,Midfielder,2,Scotland
18904,1089.0,Midfielder,2,England
18906,1024.0,Attacker,3,Spain
18911,1089.0,Goalkeeper,0,England
18917,1296.0,Defender,1,England
18918,1024.0,Defender,1,England
18922,1296.0,Midfielder,2,England
18924,1089.0,Midfielder,2,Republic of Ireland
18927,1296.0,Attacker,3,England
18929,676.0,Attacker,3,England
18931,1156.0,Attacker,3,New Zealand
18932,1369.0,Goalkeeper,0,England
18933,841.0,Goalkeeper,0,Scotland
18935,1296.0,Goalkeeper,0,England
18936,1156.0,Defender,1,England
18940,961.0,Defender,1,England
18941,900.0,Defender,1,England
18942,676.0,Defender,1,Tunisia
18943,1089.0,Defender,1,Denmark
18945,1089.0,Midfielder,2,Scotland
18946,961.0,Midfielder,2,Norway
18947,1024.0,Midfielder,2,Gabon
18948,961.0,Midfielder,2,England
18949,1156.0,Midfielder,2,Spain
18955,1089.0,Attacker,3,England
18957,625.0,Attacker,3,Republic of Ireland
18959,784.0,Goalkeeper,0,Spain
18960,1225.0,Goalkeeper,0,England
18961,1089.0,Defender,1,England
18962,1089.0,Defender,1,Republic of Ireland
18963,1156.0,Defender,1,England
18968,841.0,Midfielder,2,Mali
18970,1156.0,Midfielder,2,Germany
18972,1089.0,Midfielder,2,France
18973,961.0,Midfielder,2,England
18978,1024.0,Forward,3,Romania
18979,729.0,Attacker,3,Sweden
18985,1156.0,Goalkeeper,0,England
18996,1225.0,Midfielder,2,Republic of Ireland
19004,1024.0,Attacker,3,Jamaica
19012,1089.0,Goalkeeper,0,England
19015,1024.0,Defender,1,England
19016,900.0,Defender,1,England
19023,1444.0,Defender,1,USA
19025,1156.0,Midfielder,2,Scotland
19027,1089.0,Midfielder,2,Congo DR
19030,625.0,Midfielder,2,Denmark
19032,625.0,Defender,1,England
19035,484.0,Midfielder,2,England
19043,961.0,Defender,1,Netherlands
19061,1369.0,Goalkeeper,0,Netherlands
19070,625.0,Defender,1,England
19071,841.0,Midfielder,2,Argentina
19073,729.0,Defender,1,England
19076,729.0,Defender,1,Northern Ireland
19083,900.0,Attacker,3,England
19088,784.0,Goalkeeper,0,England
19089,1225.0,Goalkeeper,0,England
19090,1024.0,Defender,1,Greece
19091,1296.0,Defender,1,England
19093,1089.0,Defender,1,Republic of Ireland
19102,1156.0,Midfielder,2,Scotland
19105,1156.0,Midfielder,2,Northern Ireland
19115,841.0,Goalkeeper,0,Northern Ireland
19116,1156.0,Defender,1,England
19118,1156.0,Defender,1,Scotland
19119,676.0,Defender,1,England
19124,1156.0,Defender,1,Sweden
19126,1089.0,Defender,1,Northern Ireland
19127,1156.0,Midfielder,2,England
19128,841.0,Attacker,3,England
19130,900.0,Midfielder,2,England
19134,1024.0,Attacker,3,England
19136,625.0,Attacker,3,England
19143,1024.0,Goalkeeper,0,England
19145,784.0,Defender,1,England
19147,1225.0,Defender,1,England
19150,841.0,Defender,1,England
19152,1024.0,Defender,1,England
19163,900.0,Midfielder,2,England
19169,1296.0,Attacker,3,England
19170,529.0,Midfielder,2,England
19173,729.0,Goalkeeper,0,Montenegro
19174,1089.0,Goalkeeper,0,England
19177,900.0,Defender,1,England
19179,1024.0,Defender,1,England
19182,784.0,Defender,1,England
19185,729.0,Attacker,3,England
19187,900.0,Midfielder,2,England
19191,961.0,Midfielder,2,Scotland
19192,576.0,Midfielder,2,England
19194,784.0,Attacker,3,England
19195,900.0,Attacker,3,Netherlands
19197,1600.0,Goalkeeper,0,England
19201,625.0,Defender,1,England
19220,676.0,Attacker,3,England
19221,784.0,Midfielder,2,Wales
19229,1369.0,Goalkeeper,0,Republic of Ireland
19235,625.0,Defender,1,England
19245,676.0,Midfielder,2,England
19248,529.0,Defender,1,England
19263,729.0,Defender,1,England
19265,900.0,Defender,1,England
19268,900.0,Midfielder,2,England
19281,625.0,Midfielder,2,Ghana
19287,1024.0,Defender,1,England
19294,1024.0,Defender,1,England
19298,784.0,Defender,1,Poland
19299,1296.0,Midfielder,2,England
19302,961.0,Midfielder,2,England
19305,784.0,Midfielder,2,England
19307,961.0,Attacker,3,Brazil
19308,1156.0,Attacker,3,England
19309,1089.0,Attacker,3,England
19312,729.0,Goalkeeper,0,Germany
19321,784.0,Defender,1,Wales
19329,784.0,Attacker,3,Wales
19331,900.0,Defender,1,Wales
19337,841.0,Attacker,3,Scotland
19340,676.0,Goalkeeper,0,England
19341,1024.0,Goalkeeper,0,England
19345,676.0,Defender,1,Denmark
19346,784.0,Defender,1,England
19350,676.0,Defender,1,Denmark
19352,784.0,Midfielder,2,Spain
19354,784.0,Defender,1,England
19356,900.0,Midfielder,2,Denmark
19361,900.0,Attacker,3,Algeria
19362,729.0,Midfielder,2,England
19364,841.0,Attacker,3,France
19365,784.0,Attacker,3,Republic of Ireland
19366,900.0,Attacker,3,England
19393,784.0,Midfielder,2,England
19408,841.0,Defender,1,England
19428,841.0,Attacker,3,England
19454,900.0,Midfielder,2,England
19461,729.0,Attacker,3,Germany
19465,900.0,Goalkeeper,0,Spain
19466,961.0,Defender,1,Jamaica
19480,900.0,Midfielder,2,England
19482,900.0,Midfielder,2,England
19484,784.0,Midfielder,2,England
19485,676.0,Attacker,3,Chile
19495,576.0,Defender,1,Republic of Ireland
19524,841.0,Attacker,3,Scotland
19541,900.0,Goalkeeper,0,England
19545,676.0,Defender,1,England
19549,784.0,Defender,1,USA
19558,1156.0,Midfielder,2,Egypt
19565,529.0,Midfielder,2,England
19569,529.0,Attacker,3,England
19573,900.0,Goalkeeper,0,England
19586,729.0,Attacker,3,England
19587,841.0,Defender,1,Republic of Ireland
19592,1024.0,Midfielder,2,England
19599,1089.0,Goalkeeper,0,Argentina
19603,625.0,Defender,1,England
19610,729.0,Defender,1,England
19617,576.0,Midfielder,2,France
19655,841.0,Midfielder,2,Nigeria
19657,841.0,Goalkeeper,0,Slovakia
19684,961.0,Goalkeeper,0,England
19719,784.0,Defender,1,England
19720,676.0,Defender,1,England
19723,625.0,Midfielder,2,Tunisia
19733,676.0,Midfielder,2,England
19738,676.0,Defender,1,Republic of Ireland
19744,961.0,Attacker,3,England
19750,1156.0,Goalkeeper,0,England
19756,961.0,Defender,1,England
19757,961.0,Defender,1,Republic of Ireland
19759,1089.0,Midfielder,2,England
19760,729.0,Defender,1,England
19767,961.0,Midfielder,2,Congo DR
19769,841.0,Defender,1,England
19772,625.0,Attacker,3,Republic of Ireland
19779,1089.0,Goalkeeper,0,Wales
19789,1024.0,Defender,1,Jamaica
19802,729.0,Attacker,3,Scotland
19804,1089.0,Attacker,3,Wales
19808,961.0,Attacker,3,England
19824,676.0,Defender,1,Zimbabwe
19825,841.0,Midfielder,2,Nigeria
19827,841.0,Midfielder,2,Republic of Ireland
19829,676.0,Midfielder,2,England
19831,900.0,Attacker,3,Ghana
19842,1225.0,Attacker,3,Montserrat
19860,841.0,Defender,1,England
19866,961.0,Attacker,3,Jamaica
19881,625.0,Goalkeeper,0,England
19910,576.0,Midfielder,2,England
19911,961.0,Midfielder,2,England
19959,784.0,Defender,1,England
19964,841.0,Midfielder,2,Scotland
19974,841.0,Attacker,3,England
20007,784.0,Attacker,3,England
20031,841.0,Midfielder,2,England
20069,625.0,Goalkeeper,0,England
20079,729.0,Defender,1,Australia
20089,961.0,Attacker,3,Wales
20093,529.0,Defender,1,England
20110,729.0,Midfielder,2,Grenada
20167,1024.0,Defender,1,St. Lucia
20189,1024.0,Midfielder,2,England
20203,961.0,Defender,1,Wales
20206,729.0,Defender,1,England
20224,1764.0,Goalkeeper,0,England
20303,900.0,Midfielder,2,England
20319,676.0,Goalkeeper,0,England
20355,729.0,Goalkeeper,0,England
20386,961.0,Goalkeeper,0,England
20415,1024.0,Attacker,3,England
20457,900.0,Defender,1,Australia
20503,729.0,Midfielder,2,England
20557,676.0,Midfielder,2,France
20589,676.0,Attacker,3,Cameroon
20600,784.0,Defender,1,France
20619,625.0,Goalkeeper,0,France
20638,625.0,Midfielder,2,France
20649,841.0,Attacker,3,Congo DR
20665,729.0,Attacker,3,France
20850,841.0,Defender,1,Haiti
20995,625.0,Defender,1,France
21090,1024.0,Defender,1,Brazil
21104,729.0,Attacker,3,France
21138,576.0,Defender,1,Algeria
21566,1156.0,Goalkeeper,0,France
21636,961.0,Defender,1,France
21694,841.0,Defender,1,Morocco
21998,729.0,Defender,1,France
22090,576.0,Defender,1,France
22094,625.0,Defender,1,France
22136,576.0,Defender,1,France
22149,784.0,Midfielder,2,Côte d'Ivoire
22157,1024.0,Goalkeeper,0,Argentina
22160,784.0,Defender,1,France
22166,676.0,Defender,1,France
22173,784.0,Forward,3,France
22224,784.0,Defender,1,Brazil
22225,961.0,Defender,1,Mozambique
22233,676.0,Midfielder,2,France
22265,1156.0,Forward,3,Cape Verde
24760,625.0,Goalkeeper,0,Georgia
24882,729.0,Midfielder,2,Belgium
24888,841.0,Attacker,3,Korea Republic
25004,1089.0,Goalkeeper,0,Germany
25061,576.0,Defender,1,Germany
25073,729.0,Midfielder,2,Germany
25114,729.0,Goalkeeper,0,Germany
25287,729.0,Defender,1,Austria
25391,1024.0,Attacker,3,Germany
25416,1089.0,Forward,3,Netherlands
25628,625.0,Defender,1,Germany
25916,841.0,Defender,1,Senegal
25927,784.0,Attacker,3,France
26232,1024.0,Goalkeeper,0,Netherlands
26238,841.0,Defender,1,Germany
26303,729.0,Defender,1,Croatia
26305,784.0,Midfielder,2,Argentina
26475,841.0,Attacker,3,Germany
26644,576.0,Goalkeeper,0,Greece
27778,676.0,Defender,1,Hungary
30407,961.0,Midfielder,2,Denmark
30410,784.0,Attacker,3,Italy
30427,576.0,Defender,1,Italy
30435,625.0,Midfielder,2,Sweden
30471,1024.0,Defender,1,Netherlands
30476,784.0,Defender,1,Brazil
30544,676.0,Attacker,3,Italy
30765,784.0,Goalkeeper,0,Romania
30776,729.0,Defender,1,Argentina
31057,625.0,Midfielder,2,Côte d'Ivoire
31146,625.0,Midfielder,2,Italy
31354,841.0,Goalkeeper,0,Italy
32887,625.0,Defender,1,Japan
32966,729.0,Midfielder,2,Japan
33095,676.0,Defender,1,Japan
36865,676.0,Midfielder,2,Netherlands
36878,1156.0,Goalkeeper,0,Netherlands
36902,729.0,Midfielder,2,Netherlands
36922,576.0,Defender,1,Netherlands
36927,729.0,Midfielder,2,Netherlands
36929,784.0,Midfielder,2,Netherlands
37122,900.0,Midfielder,2,Slovakia
37127,729.0,Midfielder,2,Norway
37130,625.0,Attacker,3,Netherlands
37143,625.0,Defender,1,Netherlands
37145,676.0,Defender,1,Netherlands
37161,676.0,Attacker,3,Colombia
37276,625.0,Goalkeeper,0,Netherlands
37381,676.0,Attacker,3,Belgium
37440,676.0,Forward,3,Türkiye
37724,576.0,Attacker,3,Netherlands
37882,729.0,Attacker,3,England
38695,625.0,Defender,1,Netherlands
38731,576.0,Goalkeeper,0,Netherlands
38734,625.0,Defender,1,Netherlands
38746,576.0,Defender,1,Netherlands
38750,529.0,Attacker,3,Netherlands
39105,625.0,Goalkeeper,0,Norway
39243,900.0,Midfielder,2,Norway
40165,784.0,Goalkeeper,0,Poland
40401,1024.0,Midfielder,2,Portugal
40434,961.0,Midfielder,2,Ecuador
40911,676.0,Midfielder,2,Poland
41104,900.0,Midfielder,2,Portugal
41577,625.0,Defender,1,Portugal
41606,676.0,Defender,1,Portugal
41621,729.0,Midfielder,2,Portugal
41725,625.0,Midfielder,2,Portugal
44803,900.0,Midfielder,2,England
44809,784.0,Defender,1,England
44811,841.0,Defender,1,Scotland
44871,529.0,Defender,1,Scotland
44912,1089.0,Goalkeeper,0,England
44922,729.0,Midfielder,2,Scotland
44994,1225.0,Goalkeeper,0,Czechia
45078,841.0,Attacker,3,Scotland
45815,625.0,Attacker,3,Serbia
46731,729.0,Defender,1,Ecuador
46792,1024.0,Defender,1,Spain
46815,784.0,Defender,1,Spain
47302,1024.0,Defender,1,Spain
47311,841.0,Midfielder,2,Spain
47315,676.0,Midfielder,2,Spain
47341,841.0,Midfielder,2,Spain
47380,729.0,Defender,1,Spain
47421,1156.0,Attacker,3,Argentina
47438,841.0,Midfielder,2,Denmark
47480,676.0,Defender,1,Ghana
47499,784.0,Attacker,3,Türkiye
47519,676.0,Defender,1,Spain
47521,784.0,Midfielder,2,England
47522,729.0,Midfielder,2,Brazil
47547,1024.0,Defender,1,Spain
47903,729.0,Defender,1,Sweden
47969,676.0,Defender,1,Sweden
48119,576.0,Defender,1,Côte d'Ivoire
48389,625.0,Attacker,3,Switzerland
48648,625.0,Midfielder,2,Switzerland
48649,676.0,Attacker,3,Switzerland
50132,729.0,Goalkeeper,0,Türkiye
50737,729.0,Defender,1,USA
50739,625.0,Midfielder,2,USA
50816,900.0,Defender,1,Canada
50828,900.0,Goalkeeper,0,USA
50856,729.0,Attacker,3,Argentina
50892,676.0,Midfielder,2,England
50999,961.0,Goalkeeper,0,USA
51051,576.0,Defender,1,Mexico
51494,576.0,Midfielder,2,Uruguay
51572,784.0,Defender,1,Uruguay
51617,676.0,Attacker,3,Uruguay
55904,676.0,Defender,1,Northern Ireland
56296,625.0,Attacker,3,Denmark
59258,841.0,Goalkeeper,0,Argentina
60353,484.0,Defender,1,Estonia
61178,729.0,Midfielder,2,Republic of Ireland
61431,625.0,Defender,1,Poland
61742,576.0,Goalkeeper,0,Iceland
63577,576.0,Midfielder,2,Ukraine
64003,676.0,Defender,1,Netherlands
64167,441.0,Goalkeeper,0,USA
64304,484.0,Midfielder,2,Poland
66240,1089.0,Defender,1,Czechia
66407,676.0,Defender,1,Czechia
67943,576.0,Defender,1,Brazil
67971,625.0,Defender,1,England
67972,625.0,Midfielder,2,England
68127,676.0,Defender,1,England
68466,625.0,Midfielder,2,Scotland
69257,529.0,Defender,1,Republic of Ireland
69403,676.0,Midfielder,2,England
69539,676.0,Defender,1,Republic of Ireland
69680,529.0,Attacker,3,Republic of Ireland
70078,576.0,Midfielder,2,Uruguay
70100,576.0,Attacker,3,Netherlands
70366,841.0,Goalkeeper,0,Brazil
70747,441.0,Midfielder,2,Paraguay
70767,625.0,Midfielder,2,Paraguay
80296,784.0,Goalkeeper,0,Brazil
81573,676.0,Attacker,3,Egypt
82097,841.0,Goalkeeper,0,England
82855,900.0,Goalkeeper,0,Wales
83029,676.0,Midfielder,2,England
84081,625.0,Defender,1,France
84082,729.0,Midfielder,2,France
84087,625.0,Attacker,3,France
84088,625.0,Defender,1,England
87858,676.0,Attacker,3,England
90494,729.0,Goalkeeper,0,England
90590,529.0,Attacker,3,France
92987,841.0,Goalkeeper,0,Netherlands
92993,676.0,Defender,1,Netherlands
94360,529.0,Goalkeeper,0,New Zealand
98936,625.0,Attacker,3,South Africa
105789,625.0,Forward,3,North Macedonia
105971,529.0,Goalkeeper,0,Republic of Ireland
106086,625.0,Defender,1,Northern Ireland
106725,576.0,Midfielder,2,England
106835,784.0,Midfielder,2,Japan
107087,576.0,Attacker,3,Scotland
110153,625.0,Attacker,3,Nigeria
115589,484.0,Attacker,3,Slovenia
116117,576.0,Midfielder,2,Ecuador
118307,676.0,Goalkeeper,0,Serbia
119121,529.0,Defender,1,Northern Ireland
123469,625.0,Attacker,3,Switzerland
125618,576.0,Defender,1,Poland
125743,729.0,Attacker,3,Portugal
126690,529.0,Attacker,3,Scotland
126791,729.0,Attacker,3,Wales
126949,625.0,Defender,1,USA
127472,784.0,Defender,1,England
127579,625.0,Defender,1,England
127605,576.0,Defender,1,England
127769,576.0,Attacker,3,Brazil
127817,529.0,Defender,1,Ecuador
128338,676.0,Defender,1,France
128895,625.0,Defender,1,Denmark
129033,529.0,Defender,1,Croatia
129058,529.0,Goalkeeper,0,Netherlands
129142,625.0,Midfielder,2,Bulgaria
129169,625.0,Attacker,3,Morocco
129643,441.0,Attacker,3,Republic of Ireland
129682,625.0,Attacker,3,Morocco
129695,529.0,Attacker,3,France
129705,576.0,Goalkeeper,0,England
129707,625.0,Midfielder,2,Australia
129711,576.0,Attacker,3,Wales
129712,529.0,Attacker,3,England
129791,529.0,Attacker,3,Portugal
130416,625.0,Midfielder,2,Republic of Ireland
130419,625.0,Midfielder,2,England
130421,625.0,Midfielder,2,Republic of Ireland
130423,576.0,Midfielder,2,Scotland
131278,484.0,Midfielder,2,Northern Ireland
134428,441.0,Defender,1,England
135068,784.0,Defender,1,Côte d'Ivoire
135334,729.0,Defender,1,Uruguay
135525,484.0,Defender,1,Scotland
135775,529.0,Attacker,3,Spain
136723,529.0,Attacker,3,England
137220,484.0,Midfielder,2,Republic of Ireland
137302,576.0,Attacker,3,England
137303,576.0,Attacker,3,France
138411,576.0,Goalkeeper,0,Northern Ireland
138417,576.0,Defender,1,Scotland
138776,576.0,Attacker,3,Belgium
138777,576.0,Midfielder,2,England
138780,576.0,Defender,1,Wales
138786,576.0,Attacker,3,England
138787,576.0,Attacker,3,England
138793,576.0,Midfielder,2,England
138804,625.0,Goalkeeper,0,Czech Republic
138806,625.0,Defender,1,England
138815,625.0,Defender,1,Ghana
138816,529.0,Defender,1,Netherlands
138821,576.0,Midfielder,2,England
138822,576.0,Attacker,3,Albania
138828,576.0,Defender,1,France
138832,576.0,Goalkeeper,0,England
138835,576.0,Attacker,3,USA
138836,576.0,Defender,1,England
138842,529.0,Midfielder,2,England
138843,576.0,Goalkeeper,0,England
138844,576.0,Goalkeeper,0,England
138849,576.0,Defender,1,England
138877,625.0,Defender,1,France
138901,625.0,Midfielder,2,Wales
138906,529.0,Midfielder,2,England
138908,529.0,Midfielder,2,Scotland
138929,625.0,Defender,1,England
138931,529.0,Attacker,3,England
138934,576.0,Attacker,3,Scotland
138935,484.0,Midfielder,2,England
138937,484.0,Goalkeeper,0,England
140947,576.0,Defender,1,Burkina Faso
141901,676.0,Attacker,3,Portugal
144709,625.0,Goalkeeper,0,England
144720,576.0,Midfielder,2,England
144723,529.0,Goalkeeper,0,Hungary
144725,529.0,Attacker,3,England
144729,529.0,Defender,1,England
144732,576.0,Midfielder,2,England
144733,529.0,Midfielder,2,England
144741,529.0,Goalkeeper,0,England
145476,576.0,Midfielder,2,Germany
146325,529.0,Attacker,3,Canada
147831,529.0,Attacker,3,France
147832,625.0,Attacker,3,Morocco
147835,529.0,Defender,1,Republic of Ireland
148099,729.0,Midfielder,2,England
148270,441.0,Goalkeeper,0,Poland
148284,576.0,Attacker,3,Poland
149550,676.0,Defender,1,England
149551,529.0,Attacker,3,Republic of Ireland
149564,529.0,Midfielder,2,England
151754,576.0,Midfielder,2,England
151756,625.0,Goalkeeper,0,England
152418,529.0,Midfielder,2,France
152654,625.0,Defender,1,Netherlands
152849,576.0,Defender,1,Netherlands
152856,676.0,Attacker,3,Brazil
152949,529.0,Defender,1,England
152953,484.0,Defender,1,England
152955,529.0,Goalkeeper,0,Finland
152957,576.0,Defender,1,Republic of Ireland
152967,676.0,Defender,1,Nigeria
152968,729.0,Attacker,3,Zimbabwe
152969,576.0,Defender,1,England
152970,625.0,Goalkeeper,0,Poland
152976,529.0,Midfielder,2,England
152977,529.0,Attacker,3,England
152979,484.0,Defender,1,England
152980,576.0,Defender,1,England
152982,529.0,Midfielder,2,England
153066,529.0,Midfielder,2,Portugal
153261,484.0,Attacker,3,England
153400,529.0,Attacker,3,England
153407,484.0,Attacker,3,England
153411,576.0,Defender,1,England
153420,576.0,Goalkeeper,0,England
153422,484.0,Midfielder,2,England
153425,484.0,Attacker,3,England
153429,529.0,Defender,1,England
153430,529.0,Attacker,3,Sweden
153434,484.0,Defender,1,England
154800,529.0,Defender,1,England
154806,576.0,Midfielder,2,Republic of Ireland
154807,529.0,Midfielder,2,England
156428,676.0,Goalkeeper,0,England
156477,484.0,Midfielder,2,France
156490,625.0,Defender,1,France
157052,529.0,Defender,1,Italy
157912,576.0,Midfielder,2,Mali
157997,529.0,Attacker,3,Côte d'Ivoire
158054,529.0,Attacker,3,Germany
158378,576.0,Midfielder,2,Argentina
158432,529.0,Midfielder,2,Wales
158693,529.0,Defender,1,Wales
158694,529.0,Defender,1,England
158696,484.0,Defender,1,England
158697,529.0,Midfielder,2,England
158698,484.0,Defender,1,England
158702,529.0,Goalkeeper,0,Scotland
158710,529.0,Defender,1,Denmark
159420,484.0,Defender,1,England
161621,484.0,Attacker,3,France
161663,576.0,Defender,1,Republic of Ireland
161671,529.0,Defender,1,Ukraine
161907,484.0,Defender,1,France
161921,529.0,Midfielder,2,USA
161933,529.0,Midfielder,2,Spain
161948,484.0,Attacker,3,England
162007,625.0,Defender,1,Belgium
162016,484.0,Attacker,3,Netherlands
162075,576.0,Midfielder,2,England
162076,529.0,Defender,1,England
162114,529.0,Midfielder,2,England
162128,484.0,Attacker,3,Italy
162148,529.0,Midfielder,2,England
162150,484.0,Midfielder,2,England
162168,484.0,Attacker,3,England
162173,484.0,Attacker,3,England
162189,576.0,Midfielder,2,Denmark
162267,576.0,Defender,1,France
162489,529.0,Goalkeeper,0,England
162493,484.0,Midfielder,2,Scotland
162498,529.0,Defender,1,Romania
162511,529.0,Goalkeeper,0,Belgium
162517,441.0,Defender,1,Belgium
162528,529.0,Goalkeeper,0,Italy
162552,441.0,Attacker,3,England
162590,529.0,Midfielder,2,England
162607,441.0,Defender,1,England
162687,576.0,Goalkeeper,0,Czechia
162714,576.0,Midfielder,2,Belgium
162904,576.0,Defender,1,England
163054,441.0,Attacker,3,England
163068,576.0,Defender,1,Tunisia
163069,484.0,Defender,1,Germany
163189,576.0,Defender,1,Germany
167656,576.0,Midfielder,2,Scotland
167657,484.0,Midfielder,2,England
167658,625.0,Midfielder,2,England
167663,625.0,Goalkeeper,0,Canada
169291,576.0,Goalkeeper,0,Finland
169295,529.0,Goalkeeper,0,Estonia
171035,484.0,Attacker,3,England
171058,576.0,Defender,1,Scotland
171059,484.0,Midfielder,2,England
174174,576.0,Attacker,3,Finland
174565,529.0,Attacker,3,France
174918,625.0,Defender,1,France
177665,729.0,Midfielder,2,Germany
178077,576.0,Midfielder,2,Germany
179400,529.0,Defender,1,France
179651,529.0,Attacker,3,Wales
180289,529.0,Attacker,3,England
180308,529.0,Midfielder,2,England
180316,484.0,Goalkeeper,0,England
180317,484.0,Defender,1,Northern Ireland
180560,484.0,Midfielder,2,Tunisia
180731,625.0,Defender,1,France
180866,529.0,Goalkeeper,0,Brazil
180919,576.0,Defender,1,Brazil
180940,484.0,Goalkeeper,0,England
181796,529.0,Defender,1,England
181797,484.0,Defender,1,England
181806,484.0,Defender,1,Italy
181822,441.0,Goalkeeper,0,USA
181827,484.0,Defender,1,England
182201,676.0,Midfielder,2,England
184226,529.0,Midfielder,2,Spain
190686,529.0,Attacker,3,France
191337,576.0,Defender,1,France
191971,529.0,Attacker,3,England
192349,576.0,Goalkeeper,0,England
192351,676.0,Midfielder,2,England
194536,484.0,Goalkeeper,0,Netherlands
195103,576.0,Midfielder,2,Brazil
195106,576.0,Attacker,3,Brazil
195717,576.0,Defender,1,Colombia
195962,625.0,Attacker,3,Portugal
195993,529.0,Midfielder,2,Argentina
196000,576.0,Defender,1,England
196156,576.0,Attacker,3,Brazil
196298,676.0,Attacker,3,Paraguay
196855,676.0,Midfielder,2,England
196856,484.0,Defender,1,England
197448,529.0,Defender,1,Brazil
197542,484.0,Midfielder,2,Colombia
199089,625.0,Attacker,3,Italy
199310,576.0,Midfielder,2,Tunisia
199837,529.0,Attacker,3,Ghana
200233,484.0,Defender,1,Republic of Ireland
201368,484.0,Goalkeeper,0,Republic of Ireland
201373,400.0,Defender,1,Republic of Ireland
202086,529.0,Midfielder,2,Ecuador
202854,529.0,Midfielder,2,Germany
203224,484.0,Midfielder,2,Germany
204031,625.0,Defender,1,Republic of Ireland
204033,529.0,Midfielder,2,Republic of Ireland
204039,529.0,Defender,1,Italy
206254,484.0,Defender,1,Hungary
206404,484.0,Midfielder,2,Tunisia
215873,576.0,Attacker,3,Republic of Ireland
215874,529.0,Attacker,3,Republic of Ireland
216770,441.0,Midfielder,2,Norway
216809,529.0,Attacker,3,Australia
231029,676.0,Attacker,3,England
231062,576.0,Goalkeeper,0,England
237129,529.0,Midfielder,2,Senegal
237819,484.0,Attacker,3,Brazil
263177,576.0,Midfielder,2,Denmark
263538,441.0,Midfielder,2,Ukraine
264437,576.0,Defender,1,England
265733,441.0,Defender,1,USA
265782,529.0,Midfielder,2,Norway
265784,576.0,Midfielder,2,Brazil
265820,484.0,Midfielder,2,Sweden
265826,484.0,Goalkeeper,0,Czechia
266203,484.0,Attacker,3,England
266657,441.0,Attacker,3,Brazil
270139,576.0,Defender,1,Republic of Ireland
270357,529.0,Midfielder,2,Republic of Ireland
270507,484.0,Midfielder,2,Italy
270508,441.0,Midfielder,2,France
270510,400.0,Attacker,3,France
272728,529.0,Defender,1,Netherlands
272730,529.0,Attacker,3,Netherlands
273757,441.0,Midfielder,2,England
273758,484.0,Defender,1,England
273760,529.0,Attacker,3,England
274550,484.0,Midfielder,2,England
275170,576.0,Midfielder,2,Brazil
276184,400.0,Defender,1,France
276263,484.0,Defender,1,Wales
277191,576.0,Attacker,3,Senegal
277716,441.0,Attacker,3,England
278041,484.0,Goalkeeper,0,England
278074,484.0,Midfielder,2,Netherlands
278075,529.0,Midfielder,2,Romania
278079,484.0,Midfielder,2,England
278085,484.0,Midfielder,2,England
278086,529.0,Defender,1,England
278088,576.0,Goalkeeper,0,England
278115,484.0,Defender,1,England
278116,529.0,Attacker,3,England
278118,441.0,Defender,1,England
278123,484.0,Midfielder,2,England
278128,529.0,Defender,1,England
278129,484.0,Defender,1,England
278133,484.0,Attacker,3,Norway
278232,529.0,Midfielder,2,France
278235,484.0,Defender,1,England
278240,484.0,Goalkeeper,0,England
278242,441.0,Defender,1,Scotland
278370,484.0,Midfielder,2,Paraguay
278454,484.0,Goalkeeper,0,Sweden
278898,484.0,Defender,1,Morocco
280334,484.0,Midfielder,2,Croatia
280672,529.0,Defender,1,Wales
280683,484.0,Midfielder,2,England
280687,529.0,Defender,1,Spain
280688,529.0,Attacker,3,Canada
281975,484.0,Defender,1,Republic of Ireland
282124,441.0,Midfielder,2,England
282125,441.0,Midfielder,2,Belgium
282126,441.0,Attacker,3,Portugal
282130,484.0,Defender,1,England
282133,484.0,Attacker,3,England
282136,529.0,Attacker,3,France
282254,529.0,Defender,1,England
282770,484.0,Defender,1,Portugal
282903,484.0,Goalkeeper,0,Netherlands
283026,484.0,Attacker,3,Denmark
283058,576.0,Attacker,3,Senegal
283265,529.0,Defender,1,Indonesia
283272,441.0,Defender,1,England
283289,529.0,Midfielder,2,England
283290,576.0,Midfielder,2,England
284059,529.0,Attacker,3,England
284060,484.0,Defender,1,England
284062,484.0,Attacker,3,England
284186,529.0,Midfielder,2,Northern Ireland
284187,484.0,Midfielder,2,England
284212,484.0,Defender,1,England
284228,484.0,Midfielder,2,England
284230,441.0,Defender,1,England
284231,484.0,Attacker,3,England
284236,400.0,Midfielder,2,England
284237,484.0,Defender,1,Jamaica
284239,484.0,Midfielder,2,England
284241,484.0,Attacker,3,Spain
284242,441.0,Attacker,3,England
284247,484.0,Attacker,3,England
284248,441.0,Midfielder,2,Germany
284253,484.0,Midfielder,2,England
284259,400.0,Attacker,3,England
284260,484.0,Defender,1,England
284262,484.0,Midfielder,2,England
284264,441.0,Defender,1,Spain
284266,529.0,Midfielder,2,England
284267,484.0,Midfielder,2,Northern Ireland
284278,441.0,Attacker,3,England
284280,484.0,Midfielder,2,Scotland
284286,441.0,Defender,1,England
284287,484.0,Midfielder,2,Poland
284291,484.0,Midfielder,2,England
284295,484.0,Midfielder,2,Iraq
284297,484.0,Defender,1,England
284300,484.0,Defender,1,Spain
284305,441.0,Midfielder,2,England
284307,441.0,Attacker,3,England
284322,400.0,Midfielder,2,England
284323,484.0,Midfielder,2,Wales
284324,441.0,Attacker,3,Argentina
284326,529.0,Goalkeeper,0,Slovenia
284327,484.0,Defender,1,England
284356,484.0,Midfielder,2,Northern Ireland
284357,484.0,Defender,1,England
284359,484.0,Defender,1,Netherlands
284361,484.0,Goalkeeper,0,Czechia
284362,529.0,Defender,1,Netherlands
284363,484.0,Defender,1,England
284366,441.0,Defender,1,England
284367,484.0,Midfielder,2,England
284372,484.0,Defender,1,England
284373,529.0,Midfielder,2,Scotland
284375,441.0,Midfielder,2,England
284382,529.0,Goalkeeper,0,Northern Ireland
284385,441.0,Defender,1,England
284390,441.0,Goalkeeper,0,England
284391,441.0,Defender,1,England
284396,484.0,Defender,1,England
284400,441.0,Midfielder,2,England
284403,441.0,Attacker,3,England
284404,441.0,Midfielder,2,Finland
284405,529.0,Midfielder,2,England
284406,484.0,Defender,1,England
284408,441.0,Attacker,3,England
284409,441.0,Attacker,3,England
284414,484.0,Attacker,3,England
284415,484.0,Attacker,3,Spain
284416,441.0,Attacker,3,England
284417,441.0,Defender,1,England
284418,529.0,Defender,1,Sierra Leone
284419,441.0,Defender,1,Northern Ireland
284423,484.0,Midfielder,2,England
284424,484.0,Midfielder,2,England
284427,441.0,Defender,1,England
284428,484.0,Attacker,3,Jamaica
284439,400.0,Defender,1,England
284444,441.0,Defender,1,England
284446,484.0,Midfielder,2,England
284449,529.0,Midfielder,2,England
284457,441.0,Defender,1,Netherlands
284459,484.0,Attacker,3,England
284463,484.0,Midfielder,2,Republic of Ireland
284464,441.0,Attacker,3,England
284466,484.0,Midfielder,2,England
284470,484.0,Midfielder,2,England
284471,441.0,Defender,1,England
284474,441.0,Attacker,3,England
284475,400.0,Midfielder,2,Wales
284487,529.0,Attacker,3,Portugal
284492,441.0,Defender,1,England
284493,484.0,Defender,1,Republic of Ireland
284500,484.0,Midfielder,2,England
284502,484.0,Defender,1,England
284523,441.0,Defender,1,Netherlands
284530,484.0,Midfielder,2,England
284531,484.0,Defender,1,England
284532,441.0,Defender,1,England
284536,441.0,Goalkeeper,0,England
284539,484.0,Goalkeeper,0,England
284540,484.0,Midfielder,2,Portugal
284549,441.0,Goalkeeper,0,England
284551,441.0,Midfielder,2,England
284554,484.0,Goalkeeper,0,England
284556,484.0,Midfielder,2,England
284557,484.0,Defender,1,England
284559,484.0,Goalkeeper,0,USA
284571,441.0,Attacker,3,England
284797,529.0,Midfielder,2,Burkina Faso
286373,484.0,Attacker,3,Netherlands
286458,484.0,Midfielder,2,Scotland
286616,529.0,Goalkeeper,0,Denmark
286764,441.0,Attacker,3,England
286773,400.0,Midfielder,2,England
286774,400.0,Attacker,3,England
286894,441.0,Midfielder,2,England
287109,441.0,Midfielder,2,England
287111,484.0,Goalkeeper,0,Poland
287868,400.0,Goalkeeper,0,England
288006,484.0,Attacker,3,Denmark
288055,441.0,Attacker,3,Brazil
288102,441.0,Midfielder,2,England
288106,441.0,Defender,1,Spain
288107,484.0,Attacker,3,England
288109,484.0,Midfielder,2,Australia
288112,441.0,Defender,1,France
288115,441.0,Goalkeeper,0,England
288116,441.0,Defender,1,England
288118,361.0,Midfielder,2,England
288121,529.0,Defender,1,England
288125,441.0,Defender,1,England
288129,441.0,Goalkeeper,0,England
288279,529.0,Defender,1,Brazil
288699,484.0,Midfielder,2,Argentina
289472,576.0,Defender,1,Argentina
289608,441.0,Midfielder,2,England
289618,441.0,Midfielder,2,England
289624,441.0,Midfielder,2,England
290545,484.0,Defender,1,Netherlands
290962,529.0,Defender,1,Republic of Ireland
291022,484.0,Goalkeeper,0,Republic of Ireland
291363,441.0,Midfielder,2,England
291476,529.0,Forward,3,Côte d'Ivoire
293162,484.0,Midfielder,2,England
293163,400.0,Midfielder,2,England
293164,484.0,Attacker,3,England
293167,484.0,Defender,1,England
293168,400.0,Defender,1,England
293643,441.0,Attacker,3,Ghana
294638,400.0,Defender,1,England
296085,400.0,Defender,1,Portugal
296121,484.0,Midfielder,2,England
296458,484.0,Attacker,3,Canada
296560,576.0,Defender,1,Cameroon
296664,441.0,Attacker,3,England
297187,484.0,Defender,1,Norway
297635,441.0,Defender,1,Colombia
297640,441.0,Defender,1,England
297641,441.0,Midfielder,2,England
298060,400.0,Attacker,3,England
298061,361.0,Goalkeeper,0,England
298062,400.0,Defender,1,England
298099,576.0,Defender,1,England
298128,529.0,Defender,1,England
298129,529.0,Midfielder,2,England
299813,529.0,Attacker,3,Iraq
301187,441.0,Attacker,3,Portugal
301281,400.0,Defender,1,England
301295,441.0,Midfielder,2,England
301714,400.0,Midfielder,2,England
301771,529.0,Attacker,3,Côte d'Ivoire
303010,441.0,Midfielder,2,England
303015,441.0,Defender,1,England
303016,441.0,Midfielder,2,Poland
303017,441.0,Forward,3,England
303019,400.0,Attacker,3,Republic of Ireland
303322,529.0,Defender,1,Burkina Faso
303460,400.0,Attacker,3,England
303462,400.0,Midfielder,2,England
303467,441.0,Attacker,3,Ghana
303667,484.0,Goalkeeper,0,Wales
304161,529.0,Attacker,3,Côte d'Ivoire
304316,441.0,Midfielder,2,England
304317,361.0,Midfielder,2,England
304318,400.0,Midfielder,2,England
304319,484.0,Attacker,3,England
304320,400.0,Midfielder,2,England
304322,441.0,Attacker,3,Wales
304853,484.0,Midfielder,2,England
305730,400.0,Midfielder,2,England
305732,441.0,Defender,1,England
305733,400.0,Midfielder,2,England
305735,441.0,Attacker,3,England
305736,441.0,Attacker,3,England
305834,441.0,Midfielder,2,Brazil
306263,441.0,Defender,1,England
307123,400.0,Midfielder,2,England
308678,400.0,Midfielder,2,Portugal
308843,400.0,Defender,1,England
308867,441.0,Defender,1,Republic of Ireland
309501,400.0,Midfielder,2,England
309505,441.0,Defender,1,England
309506,441.0,Defender,1,England
309507,441.0,Midfielder,2,England
310186,400.0,Defender,1,England
310187,441.0,Midfielder,2,Spain
310529,441.0,Attacker,3,England
310531,400.0,Midfielder,2,England
311157,441.0,Attacker,3,Brazil
311334,441.0,Midfielder,2,Argentina
311344,484.0,Attacker,3,Argentina
311520,484.0,Attacker,3,Brazil
311543,484.0,Attacker,3,Ecuador
311817,400.0,Defender,1,England
312118,400.0,Defender,1,England
312256,441.0,Midfielder,2,England
312260,361.0,Attacker,3,England
313059,484.0,Attacker,3,England
313229,441.0,Midfielder,2,England
313236,324.0,Midfielder,2,England
313245,361.0,Defender,1,England
313636,441.0,Attacker,3,Portugal
313671,441.0,Defender,1,England
313925,484.0,Attacker,3,England
314661,361.0,Attacker,3,England
315237,484.0,Attacker,3,Denmark
315767,441.0,Midfielder,2,Northern Ireland
316516,484.0,Defender,1,Uruguay
318056,441.0,Defender,1,Republic of Ireland
319517,400.0,Midfielder,2,Netherlands
319572,441.0,Midfielder,2,Argentina
322304,400.0,Defender,1,Republic of Ireland
322305,400.0,Midfielder,2,Republic of Ireland
323449,529.0,Defender,1,Belgium
325686,400.0,Goalkeeper,0,Netherlands
325851,529.0,Defender,1,England
325967,529.0,Midfielder,2,Wales
326176,484.0,Midfielder,2,France
326763,484.0,Midfielder,2,England
327602,441.0,Attacker,3,England
327604,400.0,Attacker,3,England
327609,441.0,Midfielder,2,Northern Ireland
327631,441.0,Midfielder,2,France
327726,400.0,Midfielder,2,England
327728,441.0,Midfielder,2,Jamaica
327730,400.0,Defender,1,England
327733,400.0,Midfielder,2,England
327736,441.0,Defender,1,England
327738,400.0,Defender,1,Canada
327748,400.0,Defender,1,England
327749,361.0,Defender,1,England
328076,361.0,Defender,1,England
328081,361.0,Defender,1,Spain
328089,361.0,Midfielder,2,England
328093,361.0,Defender,1,England
328095,441.0,Attacker,3,England
328096,361.0,Attacker,3,England
328097,441.0,Midfielder,2,Spain
328098,400.0,Defender,1,England
328101,400.0,Defender,1,England
328104,400.0,Attacker,3,England
328105,361.0,Midfielder,2,England
328107,400.0,Attacker,3,England
328115,361.0,Attacker,3,England
328118,441.0,Midfielder,2,England
328120,400.0,Defender,1,Finland
328126,576.0,Goalkeeper,0,Ghana
328225,441.0,Midfielder,2,Germany
328273,441.0,Goalkeeper,0,Germany
328808,484.0,Attacker,3,England
329344,441.0,Midfielder,2,England
329347,400.0,Midfielder,2,England
329357,361.0,Defender,1,England
329358,441.0,Goalkeeper,0,England
329362,400.0,Defender,1,England
329369,361.0,Attacker,3,England
330238,576.0,Defender,1,Brazil
330412,441.0,Attacker,3,Portugal
330437,400.0,Defender,1,Spain
330636,441.0,Defender,1,England
330640,441.0,Midfielder,2,England
330982,361.0,Attacker,3,England
330986,361.0,Midfielder,2,England
331009,441.0,Defender,1,England
331563,484.0,Attacker,3,England
333682,441.0,Defender,1,Spain
334035,361.0,Attacker,3,England
334037,361.0,Attacker,3,England
334042,400.0,Defender,1,England
334725,484.0,Attacker,3,England
334729,400.0,Midfielder,2,England
334734,400.0,Defender,1,England
335056,441.0,Attacker,3,Portugal
335116,484.0,Midfielder,2,Switzerland
335813,441.0,Defender,1,England
336240,400.0,Defender,1,Germany
336564,441.0,Attacker,3,France
336578,441.0,Attacker,3,Netherlands
336585,441.0,Midfielder,2,Portugal
336599,441.0,Midfielder,2,England
336659,400.0,Attacker,3,Morocco
336671,484.0,Midfielder,2,Portugal
337593,441.0,Defender,1,Japan
337929,400.0,Defender,1,England
337932,361.0,Goalkeeper,0,England
337933,400.0,Goalkeeper,0,Colombia
337934,324.0,Defender,1,England
337936,361.0,Defender,1,England
337941,361.0,Attacker,3,England
338856,400.0,Midfielder,2,France
339138,484.0,Attacker,3,Northern Ireland
339175,400.0,Defender,1,Poland
339201,324.0,Midfielder,2,England
340135,400.0,Attacker,3,Republic of Ireland
340136,400.0,Attacker,3,Republic of Ireland
340246,361.0,Attacker,3,Republic of Ireland
340573,441.0,Midfielder,2,Morocco
340919,400.0,Midfielder,2,England
341641,400.0,Attacker,3,Portugal
341642,361.0,Defender,1,Netherlands
342022,441.0,Defender,1,Italy
342054,529.0,Defender,1,Netherlands
342063,484.0,Defender,1,Italy
342191,400.0,Attacker,3,Romania
342243,361.0,Goalkeeper,0,England
342320,400.0,Defender,1,Serbia
342467,400.0,Goalkeeper,0,Hungary
342660,441.0,Midfielder,2,England
342970,400.0,Defender,1,France
343209,400.0,Defender,1,Northern Ireland
343311,361.0,Attacker,3,Greece
343576,400.0,Attacker,3,Scotland
343684,529.0,Attacker,3,France
344229,400.0,Midfielder,2,England
344233,400.0,Attacker,3,Scotland
344247,400.0,Goalkeeper,0,England
344707,441.0,Attacker,3,Northern Ireland
344908,441.0,Midfielder,2,England
345107,441.0,Attacker,3,Sweden
347066,529.0,Attacker,3,England
347305,400.0,Attacker,3,England
347316,361.0,Midfielder,2,Sweden
348263,484.0,Defender,1,England
348818,324.0,Defender,1,Wales
349288,484.0,Goalkeeper,0,Scotland
349384,400.0,Midfielder,2,England
349595,484.0,Attacker,3,Netherlands
349799,400.0,Attacker,3,Spain
349987,441.0,Attacker,3,Australia
350590,400.0,Defender,1,England
350625,361.0,Defender,1,England
350626,400.0,Midfielder,2,England
350627,,Defender,1,England
351344,324.0,Midfielder,2,Scotland
352210,361.0,Defender,1,Iceland
354581,484.0,Defender,1,England
356041,441.0,Midfielder,2,Cameroon
356237,441.0,Defender,1,Korea Republic
357047,529.0,Attacker,3,Netherlands
357060,400.0,Defender,1,Wales
358666,361.0,Midfielder,2,Republic of Ireland
358969,484.0,Midfielder,2,Venezuela
359117,324.0,Attacker,3,England
359386,484.0,Attacker,3,England
359603,441.0,Attacker,3,Italy
359842,400.0,Midfielder,2,England
359942,361.0,Defender,1,USA
360010,400.0,Attacker,3,England
360011,361.0,Attacker,3,England
360114,441.0,Defender,1,Uzbekistan
360268,361.0,Midfielder,2,England
360269,361.0,Defender,1,England
361388,400.0,Attacker,3,Belgium
361485,400.0,Midfielder,2,Hungary
361497,400.0,Defender,1,Netherlands
361675,400.0,Goalkeeper,0,England
361676,400.0,Attacker,3,England
361679,400.0,Midfielder,2,England
361734,400.0,Attacker,3,England
361735,361.0,Defender,1,England
361736,361.0,Attacker,3,England
362270,361.0,Attacker,3,England
362711,400.0,Defender,1,Brazil
362766,361.0,Midfielder,2,England
363333,400.0,Defender,1,Argentina
363695,529.0,Defender,1,Brazil
363974,400.0,Attacker,3,England
364048,361.0,Defender,1,England
364566,324.0,Midfielder,2,England
364809,441.0,Attacker,3,Netherlands
364980,441.0,Midfielder,2,Republic of Ireland
365331,441.0,Midfielder,2,Belgium
365660,361.0,Midfielder,2,England
365664,400.0,Attacker,3,England
365988,361.0,Goalkeeper,0,England
366629,441.0,Midfielder,2,England
366735,361.0,Defender,1,England
367634,400.0,Midfielder,2,England
368030,361.0,Attacker,3,France
373615,361.0,Attacker,3,Scotland
375915,576.0,Defender,1,Netherlands
376039,361.0,Defender,1,Türkiye
378868,484.0,Attacker,3,England
378981,361.0,Goalkeeper,0,England
379150,484.0,Midfielder,2,England
379618,441.0,Defender,1,England
379626,529.0,Midfielder,2,England
379627,400.0,Midfielder,2,England
379678,361.0,Midfielder,2,Scotland
380492,361.0,Attacker,3,Germany
380653,361.0,Attacker,3,England
380657,400.0,Attacker,3,England
380679,361.0,Defender,1,England
380680,361.0,Midfielder,2,Sierra Leone
380681,324.0,Midfielder,2,England
380688,400.0,Attacker,3,Morocco
380689,324.0,Midfielder,2,England
380690,324.0,Attacker,3,England
380691,324.0,Attacker,3,England
380696,361.0,Defender,1,England
380697,400.0,Defender,1,Albania
380702,361.0,Defender,1,England
380703,361.0,Midfielder,2,England
380715,324.0,Midfielder,2,England
381014,361.0,Midfielder,2,England
382160,400.0,Attacker,3,England
382163,484.0,Defender,1,Wales
382166,529.0,Goalkeeper,0,England
382167,484.0,Midfielder,2,England
382170,400.0,Defender,1,England
382344,361.0,Midfielder,2,England
382345,400.0,Midfielder,2,England
382355,400.0,Midfielder,2,England
382358,289.0,Defender,1,England
382452,441.0,Midfielder,2,Denmark
382925,484.0,Midfielder,2,England
382930,400.0,Midfielder,2,England
383685,441.0,Midfielder,2,Gambia
383770,324.0,Midfielder,2,England
384585,400.0,Midfielder,2,England
384981,324.0,Defender,1,England
385726,400.0,Attacker,3,Paraguay
386307,400.0,Defender,1,Scotland
387521,324.0,Defender,1,Croatia
388013,484.0,Defender,1,Spain
388509,400.0,Midfielder,2,England
388510,400.0,Midfielder,2,England
388777,361.0,Defender,1,France
389031,324.0,Midfielder,2,England
389032,361.0,Midfielder,2,England
389034,361.0,Midfielder,2,England
389035,361.0,Attacker,3,Germany
389302,361.0,Attacker,3,England
389309,324.0,Attacker,3,Denmark
389315,324.0,Midfielder,2,England
389579,361.0,Goalkeeper,0,USA
390052,400.0,Attacker,3,England
390769,400.0,Attacker,3,Spain
391822,441.0,Attacker,3,Spain
392270,361.0,Attacker,3,Spain
392482,324.0,Attacker,3,Greece
392607,400.0,Defender,1,England
392610,289.0,Midfielder,2,England
392636,400.0,Defender,1,England
393193,324.0,Attacker,3,Belgium
393195,400.0,Attacker,3,England
393311,400.0,Goalkeeper,0,England
394165,324.0,Attacker,3,England
394167,324.0,Midfielder,2,England
394501,361.0,Defender,1,England
394710,361.0,Goalkeeper,0,Scotland
395209,484.0,Defender,1,England
395762,361.0,Midfielder,2,France
395809,361.0,Defender,1,France
396206,361.0,Goalkeeper,0,Denmark
396483,324.0,Attacker,3,England
396729,361.0,Midfielder,2,England
397997,324.0,Midfielder,2,England
397999,324.0,Defender,1,England
398000,324.0,Defender,1,Sweden
398004,361.0,Goalkeeper,0,England
398933,441.0,Attacker,3,England
400033,400.0,Attacker,3,Ukraine
400339,441.0,Midfielder,2,England
400340,441.0,Attacker,3,England
400745,400.0,Goalkeeper,0,England
400938,361.0,Attacker,3,England
401098,289.0,Midfielder,2,England
401233,361.0,Midfielder,2,England
401278,400.0,Midfielder,2,France
401389,324.0,Attacker,3,England
402317,361.0,Midfielder,2,England
402329,361.0,Defender,1,England
402330,361.0,Defender,1,England
402331,361.0,Defender,1,England
402432,441.0,Midfielder,2,England
402434,361.0,Attacker,3,England
402504,361.0,Goalkeeper,0,Wales
402524,361.0,Goalkeeper,0,England
402640,400.0,Midfielder,2,England
403064,324.0,Defender,1,England
403065,400.0,Midfielder,2,England
403554,484.0,Midfielder,2,Spain
404017,324.0,Midfielder,2,England
404021,361.0,Midfielder,2,England
404574,361.0,Attacker,3,Brazil
404656,400.0,Defender,1,England
404769,289.0,Attacker,3,England
405360,324.0,Midfielder,2,England
405530,324.0,Defender,1,England
406098,324.0,Goalkeeper,0,England
406303,324.0,Midfielder,2,Ecuador
406507,361.0,Defender,1,England
406508,400.0,Midfielder,2,England
407026,324.0,Defender,1,Scotland
407032,361.0,Defender,1,England
407033,400.0,Attacker,3,Netherlands
407806,361.0,Attacker,3,Brazil
408221,400.0,Defender,1,Nigeria
408893,289.0,Defender,1,England
409047,361.0,Defender,1,Italy
409303,441.0,Midfielder,2,Senegal
410125,400.0,Midfielder,2,Mali
411808,400.0,Attacker,3,Jamaica
412086,289.0,Defender,1,England
412152,361.0,Defender,1,England
412719,324.0,Defender,1,Serbia
412736,361.0,Goalkeeper,0,Wales
412759,361.0,Defender,1,France
413034,324.0,Attacker,3,Northern Ireland
414359,361.0,Defender,1,Brazil
414385,361.0,Midfielder,2,Argentina
414455,361.0,Defender,1,Brazil
415001,400.0,Attacker,3,Brazil
416250,361.0,Defender,1,England
416697,289.0,Goalkeeper,0,England
417310,361.0,Defender,1,England
418210,361.0,Midfielder,2,Mali
418942,324.0,Attacker,3,Scotland
422780,400.0,Defender,1,Argentina
423708,361.0,Attacker,3,Korea Republic
423714,324.0,Attacker,3,Korea Republic
423803,324.0,Attacker,3,Japan
425733,324.0,Attacker,3,Brazil
427736,400.0,Attacker,3,Brazil
428076,400.0,Midfielder,2,Serbia
430734,400.0,Midfielder,2,Türkiye
430827,400.0,Defender,1,England
431119,441.0,Attacker,3,England
431921,361.0,Defender,1,Spain
434180,324.0,Midfielder,2,Scotland
434183,289.0,Attacker,3,England
436443,324.0,Attacker,3,Sweden
436879,289.0,Attacker,3,England
437557,324.0,Goalkeeper,0,England
437559,324.0,Goalkeeper,0,Wales
440159,289.0,Defender,1,England
440160,324.0,Midfielder,2,England
441032,361.0,Goalkeeper,0,England
441198,441.0,Midfielder,2,England
441200,324.0,Defender,1,England
442044,256.0,Midfielder,2,England
442048,289.0,Attacker,3,England
443634,289.0,Attacker,3,England
444291,,Attacker,3,England
445918,324.0,Defender,1,Lithuania
448969,289.0,Attacker,3,England
449224,441.0,Defender,1,England
449245,361.0,Defender,1,Brazil
451583,289.0,Defender,1,England
452685,289.0,Attacker,3,England
453101,289.0,Midfielder,2,England
454935,289.0,Midfielder,2,England
455009,400.0,Midfielder,2,England
455010,484.0,Goalkeeper,0,Spain
456129,361.0,Midfielder,2,Portugal
456206,324.0,Attacker,3,England
456637,324.0,Midfielder,2,England
457731,324.0,Attacker,3,England
459203,289.0,Defender,1,England
460853,256.0,Midfielder,2,England
464004,361.0,Attacker,3,Brazil
465310,289.0,Midfielder,2,England
467839,289.0,Defender,1,England
475598,324.0,Defender,1,Paraguay
482888,289.0,Midfielder,2,England
482903,256.0,Defender,1,England
482915,324.0,Defender,1,England
503414,324.0,Midfielder,2,
510473,324.0,Attacker,3,Italy
513316,324.0,Midfielder,2,USA
546654,400.0,Midfielder,2,
546703,361.0,Defender,1,
553065,324.0,Defender,1,
553958,324.0,Attacker,3,
554280,400.0,Midfielder,2,
557335,289.0,Midfielder,2,
557387,289.0,Attacker,3,
557413,256.0,Attacker,3,
557414,289.0,Defender,1,
557460,324.0,Midfielder,2,
557462,324.0,Attacker,3,
557475,289.0,Attacker,3,
557488,361.0,Defender,1,
557506,441.0,Goalkeeper,0,
557541,289.0,Defender,1,
557584,324.0,Defender,1,
567998,256.0,Midfielder,2,
573755,324.0,Midfielder,2,
577002,324.0,Defender,1,
613795,,Midfielder,2,
624708,361.0,Defender,1,
626383,289.0,Midfielder,2,
